<?xml version="1.0" encoding="UTF-8"?>
<!DOCTYPE tiles-definitions PUBLIC 
	"-//Apache Software Foundation//DTD Tiles Configuration 3.0//EN" 
	"http://tiles.apache.org/dtds/tiles-config_3_0.dtd">
	
<tiles-definitions>
    
    <!-- home.index -->
    
    <definition name="home.*"  template="/WEB-INF/views/inc/layout.jsp">
        <put-attribute name="header"  value="/WEB-INF/views/inc/header.jsp" />
        <put-attribute name="content" value="/WEB-INF/views/{1}.jsp" /> 
        <put-attribute name="footer"  value="/WEB-INF/views/inc/footer.jsp" />
        
        <put-attribute name="title"  value="SiSt5 Spring Tiles" />
    </definition>
    
    <!--
    <definition name="*.*"  template="/WEB-INF/views/{1}/inc/layout.jsp">
       <put-attribute name="header" value="/WEB-INF/views/inc/header.jsp"></put-attribute> 
       <put-attribute name="visual" value="/WEB-INF/views/{1}/inc/visual.jsp"></put-attribute> 
       <put-attribute name="content" value="/WEB-INF/views/{1}/{2}.jsp"></put-attribute> 
       <put-attribute name="aside" value="/WEB-INF/views/{1}/inc/aside.jsp"></put-attribute> 
       <put-attribute name="footer" value="/WEB-INF/views/inc/footer.jsp" />
       
       <put-attribute name="css"  value="{2}.css" />
   </definition>
     -->
    <!-- joinus.join -->
    <!-- joinus.login -->
    <!-- 
    <definition name="joinus.*"  template="/WEB-INF/views/joinus/inc/layout.jsp">
       <put-attribute name="header" value="/WEB-INF/views/inc/header.jsp"></put-attribute> 
       <put-attribute name="visual" value="/WEB-INF/views/joinus/inc/visual.jsp"></put-attribute> 
       <put-attribute name="content" value="/WEB-INF/views/joinus/{1}.jsp"></put-attribute> 
       <put-attribute name="aside" value="/WEB-INF/views/joinus/inc/aside.jsp"></put-attribute> 
       <put-attribute name="footer" value="/WEB-INF/views/inc/footer.jsp" />
   </definition>
     -->
    <!-- customer.* -->
    <!-- 
    <definition name="customer.*"  template="/WEB-INF/views/customer/inc/layout.jsp">
        <put-attribute name="header"  value="/WEB-INF/views/inc/header.jsp" />
        <put-attribute name="visual" value="/WEB-INF/views/customer/inc/visual.jsp" /> 
        <put-attribute name="aside" value="/WEB-INF/views/customer/inc/aside.jsp" /> 
        <put-attribute name="content" value="/WEB-INF/views/customer/{1}.jsp" /> 
        <put-attribute name="footer"  value="/WEB-INF/views/inc/footer.jsp" />        
        <put-attribute name="title"  value="SiSt5 Spring Tiles" />
    </definition>
     -->
    
    <!-- customer.notice -->
    <!-- 
    <definition name="customer.notice"  template="/WEB-INF/views/customer/inc/layout.jsp">
        <put-attribute name="header"  value="/WEB-INF/views/inc/header.jsp" />
        <put-attribute name="visual" value="/WEB-INF/views/customer/inc/visual.jsp" /> 
        <put-attribute name="aside" value="/WEB-INF/views/customer/inc/aside.jsp" /> 
        <put-attribute name="content" value="/WEB-INF/views/customer/notice.jsp" /> 
        <put-attribute name="footer"  value="/WEB-INF/views/inc/footer.jsp" />        
        <put-attribute name="title"  value="SiSt5 Spring Tiles" />
    </definition>
     -->
    <!-- customer.noticeReg -->
    <!-- 
    <definition name="customer.noticeReg"  template="/WEB-INF/views/customer/inc/layout.jsp">
        <put-attribute name="header"  value="/WEB-INF/views/inc/header.jsp" />
        <put-attribute name="visual" value="/WEB-INF/views/customer/inc/visual.jsp" /> 
        <put-attribute name="aside" value="/WEB-INF/views/customer/inc/aside.jsp" /> 
        <put-attribute name="content" value="/WEB-INF/views/customer/noticeReg.jsp" /> 
        <put-attribute name="footer"  value="/WEB-INF/views/inc/footer.jsp" />        
        <put-attribute name="title"  value="SiSt5 Spring Tiles" />
    </definition>
     -->
    <!-- customer.noticeEdit -->
    <!-- 
    <definition name="customer.noticeEdit"  template="/WEB-INF/views/customer/inc/layout.jsp">
        <put-attribute name="header"  value="/WEB-INF/views/inc/header.jsp" />
        <put-attribute name="visual" value="/WEB-INF/views/customer/inc/visual.jsp" /> 
        <put-attribute name="aside" value="/WEB-INF/views/customer/inc/aside.jsp" /> 
        <put-attribute name="content" value="/WEB-INF/views/customer/noticeEdit.jsp" /> 
        <put-attribute name="footer"  value="/WEB-INF/views/inc/footer.jsp" />        
        <put-attribute name="title"  value="SiSt5 Spring Tiles" />
    </definition>
     -->
    <!-- customer.noticeDetail -->
    <!-- 
    <definition name="customer.noticeDetail"  template="/WEB-INF/views/customer/inc/layout.jsp">
        <put-attribute name="header"  value="/WEB-INF/views/inc/header.jsp" />
        <put-attribute name="visual" value="/WEB-INF/views/customer/inc/visual.jsp" /> 
        <put-attribute name="aside" value="/WEB-INF/views/customer/inc/aside.jsp" /> 
        <put-attribute name="content" value="/WEB-INF/views/customer/noticeDetail.jsp" /> 
        <put-attribute name="footer"  value="/WEB-INF/views/inc/footer.jsp" />        
        <put-attribute name="title"  value="SiSt5 Spring Tiles" />
    </definition>
     -->
</tiles-definitions>





